{"initial_reset_timestamp": 1661943399.540925, "timestamps": [1661943399.727579], "episode_lengths": [22], "episode_rewards": [0.7899999999999999], "episode_types": ["t"]}