{"initial_reset_timestamp": 1661783960.678763, "timestamps": [1661783960.8710966], "episode_lengths": [20], "episode_rewards": [0.8099999999999999], "episode_types": ["t"]}