{"initial_reset_timestamp": 1661943074.5018213, "timestamps": [1661943075.0377443], "episode_lengths": [28], "episode_rewards": [0.73], "episode_types": ["t"]}